-- phpMyAdmin SQL Dump
-- version 5.1.1
-- https://www.phpmyadmin.net/
--
-- Servidor: 127.0.0.1
-- Tiempo de generación: 28-08-2021 a las 22:27:04
-- Versión del servidor: 10.4.19-MariaDB
-- Versión de PHP: 7.4.20

SET SQL_MODE = "NO_AUTO_VALUE_ON_ZERO";
START TRANSACTION;
SET time_zone = "+00:00";


/*!40101 SET @OLD_CHARACTER_SET_CLIENT=@@CHARACTER_SET_CLIENT */;
/*!40101 SET @OLD_CHARACTER_SET_RESULTS=@@CHARACTER_SET_RESULTS */;
/*!40101 SET @OLD_COLLATION_CONNECTION=@@COLLATION_CONNECTION */;
/*!40101 SET NAMES utf8mb4 */;

--
-- Base de datos: `empleados`
--

-- --------------------------------------------------------

--
-- Estructura de tabla para la tabla `areas`
--

CREATE TABLE `areas` (
  `id` int(11) NOT NULL,
  `nombre` varchar(255) NOT NULL
) ENGINE=InnoDB DEFAULT CHARSET=utf8mb4;

--
-- Volcado de datos para la tabla `areas`
--

INSERT INTO `areas` (`id`, `nombre`) VALUES
(1, 'Administración'),
(2, 'Coordinación'),
(3, 'Operación');

-- --------------------------------------------------------

--
-- Estructura de tabla para la tabla `empleados`
--

CREATE TABLE `empleados` (
  `id` int(11) NOT NULL,
  `nombre` varchar(255) NOT NULL,
  `email` varchar(255) NOT NULL,
  `sexo` char(1) NOT NULL,
  `area_id` int(11) NOT NULL,
  `boletin` int(11) NOT NULL DEFAULT 0,
  `descripcion` text NOT NULL
) ENGINE=InnoDB DEFAULT CHARSET=utf8mb4;

--
-- Volcado de datos para la tabla `empleados`
--

INSERT INTO `empleados` (`id`, `nombre`, `email`, `sexo`, `area_id`, `boletin`, `descripcion`) VALUES
(2, 'Santiago Ramirez', 'sarv114@gmail.com', 'M', 1, 1, ''),
(3, 'Ximena Perez', 'sarv114@gmail.com', 'F', 3, 1, 'Descripcion'),
(5, 'Pedro Hernandez', 'pedro@test.com', 'M', 1, 1, 'Desc');

-- --------------------------------------------------------

--
-- Estructura de tabla para la tabla `empleado_rol`
--

CREATE TABLE `empleado_rol` (
  `empleado_id` int(11) NOT NULL,
  `rol_id` int(11) NOT NULL
) ENGINE=InnoDB DEFAULT CHARSET=utf8mb4;

--
-- Volcado de datos para la tabla `empleado_rol`
--

INSERT INTO `empleado_rol` (`empleado_id`, `rol_id`) VALUES
(3, 2),
(3, 1),
(2, 3),
(5, 1),
(5, 2);

-- --------------------------------------------------------

--
-- Estructura de tabla para la tabla `roles`
--

CREATE TABLE `roles` (
  `id` int(11) NOT NULL,
  `nombre` varchar(255) NOT NULL
) ENGINE=InnoDB DEFAULT CHARSET=utf8mb4;

--
-- Volcado de datos para la tabla `roles`
--

INSERT INTO `roles` (`id`, `nombre`) VALUES
(1, 'Profesional de proyectos - Desarrollador'),
(2, 'Gerente estratégico'),
(3, 'Auxiliar administrativo');

--
-- Índices para tablas volcadas
--

--
-- Indices de la tabla `areas`
--
ALTER TABLE `areas`
  ADD PRIMARY KEY (`id`);

--
-- Indices de la tabla `empleados`
--
ALTER TABLE `empleados`
  ADD PRIMARY KEY (`id`),
  ADD KEY `fk_area_empleado` (`area_id`);

--
-- Indices de la tabla `empleado_rol`
--
ALTER TABLE `empleado_rol`
  ADD KEY `fk_empleado_rol_role` (`rol_id`),
  ADD KEY `fk_empleado_rol_empleado_2` (`empleado_id`);

--
-- Indices de la tabla `roles`
--
ALTER TABLE `roles`
  ADD PRIMARY KEY (`id`);

--
-- AUTO_INCREMENT de las tablas volcadas
--

--
-- AUTO_INCREMENT de la tabla `areas`
--
ALTER TABLE `areas`
  MODIFY `id` int(11) NOT NULL AUTO_INCREMENT, AUTO_INCREMENT=4;

--
-- AUTO_INCREMENT de la tabla `empleados`
--
ALTER TABLE `empleados`
  MODIFY `id` int(11) NOT NULL AUTO_INCREMENT, AUTO_INCREMENT=6;

--
-- AUTO_INCREMENT de la tabla `roles`
--
ALTER TABLE `roles`
  MODIFY `id` int(11) NOT NULL AUTO_INCREMENT, AUTO_INCREMENT=4;

--
-- Restricciones para tablas volcadas
--

--
-- Filtros para la tabla `empleados`
--
ALTER TABLE `empleados`
  ADD CONSTRAINT `fk_area_empleado` FOREIGN KEY (`area_id`) REFERENCES `areas` (`id`);

--
-- Filtros para la tabla `empleado_rol`
--
ALTER TABLE `empleado_rol`
  ADD CONSTRAINT `fk_empleado_rol_empleado` FOREIGN KEY (`empleado_id`) REFERENCES `empleados` (`id`),
  ADD CONSTRAINT `fk_empleado_rol_empleado_2` FOREIGN KEY (`empleado_id`) REFERENCES `empleados` (`id`) ON DELETE CASCADE,
  ADD CONSTRAINT `fk_empleado_rol_role` FOREIGN KEY (`rol_id`) REFERENCES `roles` (`id`);
COMMIT;

/*!40101 SET CHARACTER_SET_CLIENT=@OLD_CHARACTER_SET_CLIENT */;
/*!40101 SET CHARACTER_SET_RESULTS=@OLD_CHARACTER_SET_RESULTS */;
/*!40101 SET COLLATION_CONNECTION=@OLD_COLLATION_CONNECTION */;
